Heritage Site,City / Location,Country,Region,Category,Year of Inscription,Criteria,Area (ha),Historical Period
"Acropolis, Athens",Athens,Greece,Southern Europe,Cultural,1987,(i)(ii)(iii)(iv)(vi),3.04,Ancient
Historic Centre of Prague,Prague,Czechia,Central Europe,Cultural,1992,(ii)(iv)(vi),1106.36,Medieval–Modern
"La Grand-Place, Brussels",Brussels,Belgium,Western Europe,Cultural,1998,(ii)(iv),1.48,Medieval–Baroque
Flemish Béguinages,Flanders,Belgium,Western Europe,Cultural,1998,(ii)(iii)(iv),61.14,Medieval
Historic Centre of Brugge,Bruges,Belgium,Western Europe,Cultural,2000,(ii)(iv)(vi),410,Medieval
Plantin-Moretus House-Workshops-Museum Complex,Antwerp,Belgium,Western Europe,Cultural,2005,(ii)(iii)(iv)(vi),0.23,Renaissance
Historic Centre of Vienna,Vienna,Austria,Central Europe,Cultural,2001,(ii)(iv)(vi),371,Medieval–Modern
Palace and Gardens of Schönbrunn,Vienna,Austria,Central Europe,Cultural,1996,(i)(iv),186.28,Baroque
Historic Centre of Salzburg,Salzburg,Austria,Central Europe,Cultural,1996,(ii)(iv)(vi),236,Medieval–Baroque
City of Bath,Bath,United Kingdom,Western Europe,Cultural,1987,(i)(ii)(iv),290,Roman–Georgian
Tower of London,London,United Kingdom,Western Europe,Cultural,1988,(ii)(iv),7.3,Medieval
Historic Centre of Edinburgh,Edinburgh,United Kingdom,Northern Europe,Cultural,1995,(ii)(iv),443,Medieval–Modern
"Stonehenge, Avebury and Associated Sites",Wiltshire,United Kingdom,Western Europe,Cultural,1986,(i)(ii)(iii),4985.4,Prehistoric
Historic Centre of Rome,Rome,Italy,Southern Europe,Cultural,1980,(i)(ii)(iii)(iv)(vi),1485,Ancient–Modern
Historic Centre of Florence,Florence,Italy,Southern Europe,Cultural,1982,(i)(ii)(iii)(iv)(vi),532,Medieval–Renaissance
"Piazza del Duomo, Pisa",Pisa,Italy,Southern Europe,Cultural,1987,(i)(ii)(iv)(vi),8.87,Medieval
Venice and its Lagoon,Venice,Italy,Southern Europe,Cultural,1987,(i)(ii)(iii)(iv)(v)(vi),705,Medieval–Renaissance
Historic Centre of Naples,Naples,Italy,Southern Europe,Cultural,1995,(ii)(iv),1021,Ancient–Modern
Historic Centre of Siena,Siena,Italy,Southern Europe,Cultural,1995,(i)(ii)(iv),170,Medieval
Palace and Park of Versailles,Versailles,France,Western Europe,Cultural,1979,(i)(ii)(vi),1070,Baroque
Historic Centre of Avignon,Avignon,France,Western Europe,Cultural,1995,(ii)(iv),4.64,Medieval
Historic Fortified City of Carcassonne,Carcassonne,France,Western Europe,Cultural,1997,(ii)(iv),11,Medieval
Historic Centre of Kraków,Kraków,Poland,Central Europe,Cultural,1978,(iv),149.65,Medieval
Auschwitz Birkenau,Oświęcim,Poland,Central Europe,Cultural,1979,(vi),191.97,20th century
Old City of Dubrovnik,Dubrovnik,Croatia,Southern Europe,Cultural,1979,(i)(iii)(iv),96.7,Medieval